tool_id,requested_project_name,total_requested,total_approved,total_returned
0003e313-bc27-4c94-ac3b-21b08383c3fa,HQ,1.0,0,0
0038b2e0-5fd7-46b7-84e6-7a102a852975,EPSS Networking Infra and Modular Data Center,2.0,1,0
005f0d2d-8f6c-4a11-b253-b9ae56a88fa7,HQ,1.0,0,0
00c0a4ee-bfbd-4705-a5a6-01bc0067dc0a,HQ,2.0,2,0
00c5283b-d858-41c6-9465-3d933413dcb6,HQ,1.0,1,0
00ee98de-9ac0-4dfe-a896-fc46b1af63b9,Store and Inventory,3.0,1,0
010b74cd-0d58-4635-88bf-617948edebf2,Store and Inventory,54.0,1,0
0138dadd-ecfe-4fa1-97a5-bb18f498c7d7,HQ,83.0,6,0
0192d001-ad4f-443a-8f24-405ae0098f22,HQ,32.0,5,1
026f2603-edc6-4499-927d-c8869b90e2c4,HQ,13.0,1,0
02cc09db-36fb-466b-9ed0-49e8e5b1a864,HQ,136.0,11,0
02fa2ac5-e376-4490-9a20-829fd75bd2ae,HQ,1.0,0,0
039cb2d8-ee41-44da-8101-9aebe2a4f678,HQ,14.0,1,0
04e29aba-356d-4d5e-a1d2-b42304ce4f68,EIABC Data Center License Renewal,1.0,0,0
04e29aba-356d-4d5e-a1d2-b42304ce4f68,EPSS Networking Infra and Modular Data Center,6.0,0,0
04e29aba-356d-4d5e-a1d2-b42304ce4f68,MINT Commissioning of Smart Communication Rooms at Selected Twenty Governmental Institutions on a Turnkey Basis at 20 sites  (Ref.No ET-MINT-345419-GO-RFB),2.0,0,0
060a91a8-ff22-4c53-a32a-ec881e17c622,HQ,1.0,0,0
06545426-cd0c-4f1c-8e15-7d5750b4d434,HQ,16.0,0,0
06b0071d-d003-4512-bddb-df5482c47025,HQ,1.0,1,0
073feb7e-208f-4cb2-93bb-4d7b9f49b2db,HQ,2.0,1,0
075d06ef-8486-482e-8bcb-dfe451c9e7cc,HQ,1.0,1,0
07c23adc-ddb1-4e00-bed7-c1cee03b1d6c,HQ,4.0,1,0
0823c91e-c0e4-4daa-bf0d-18b88d83c5c3,HQ,130.0,0,0
0887c33b-3b1a-422a-a2e1-e7132a01b49f,HQ,70.0,1,0
08fbbfd5-eb86-49e0-b61f-bd0a91e86f15,HQ,120.0,2,0
09ab4153-9e40-4b4a-84a3-35b9c8b42e47,HQ,8.0,1,0
09fab61c-6d19-49d5-aefa-64d530d088ca,HQ,1.0,1,0
0acd8d7d-35a5-44d2-b078-568fd8c11994,EPSS Networking Infra and Modular Data Center,7.0,0,0
0ae4b043-f0d7-44b4-84d4-0c3b7ec33672,HQ,1.0,1,0
0b4eb2bc-f344-43b4-8ac3-5a314af5569b,HQ,56.0,0,0
0b6d9bd7-4920-46be-853c-42171bce1d61,ICT Park TTA,2.0,0,0
0b6d9bd7-4920-46be-853c-42171bce1d61,MINT Commissioning of Smart Communication Rooms at Selected Twenty Governmental Institutions on a Turnkey Basis at 20 sites  (Ref.No ET-MINT-345419-GO-RFB),2.0,0,0
0c161bbe-c104-4527-8b3d-bb203ae62649,HQ,3.0,1,0
0c726adb-c8f5-4af3-b500-493957ec5e62,HQ,8.0,0,0
0c98a85a-d942-4196-b642-03e36895bffa,HQ,1.0,1,0
0cccb026-01cc-476f-ae19-b6035554f9e1,HQ,3.0,2,0
0ea5fca0-8f91-49ec-9bb9-6fe15249790c,HQ,60.0,1,0
1087fe87-3f33-404c-8189-0afdaf66bc86,HQ,2.0,0,0
10f3e65d-3e38-40a7-ad69-d1e40b3b80be,ERA and MOTL support,2.0,0,0
10f3e65d-3e38-40a7-ad69-d1e40b3b80be,HQ support,1.0,0,0
10f3e65d-3e38-40a7-ad69-d1e40b3b80be,ICT Park TTA,9.0,0,0
10f3e65d-3e38-40a7-ad69-d1e40b3b80be,Kaizen VC Equipment,2.0,0,0
10f3e65d-3e38-40a7-ad69-d1e40b3b80be,MINT Commissioning of Smart Communication Rooms at Selected Twenty Governmental Institutions on a Turnkey Basis at 20 sites  (Ref.No ET-MINT-345419-GO-RFB),4.0,0,0
10f3e65d-3e38-40a7-ad69-d1e40b3b80be,MINT Smart Room Support,1.0,0,0
10f3e65d-3e38-40a7-ad69-d1e40b3b80be,OFAG,3.0,0,0
119a6fb4-878d-477a-9b20-525f33cc0644,HQ,1.0,1,0
12345f94-43da-44bb-a1c0-4de8d3638fc5,EPSS Networking Infra and Modular Data Center,4.0,0,0
12345f94-43da-44bb-a1c0-4de8d3638fc5,ERA and MOTL support,2.0,0,0
12345f94-43da-44bb-a1c0-4de8d3638fc5,HQ support,1.0,0,0
12345f94-43da-44bb-a1c0-4de8d3638fc5,ICT Park TTA,1.0,0,0
12345f94-43da-44bb-a1c0-4de8d3638fc5,MINT Commissioning of Smart Communication Rooms at Selected Twenty Governmental Institutions on a Turnkey Basis at 20 sites  (Ref.No ET-MINT-345419-GO-RFB),1.0,0,0
12345f94-43da-44bb-a1c0-4de8d3638fc5,MoF OFAG-AV,1.0,0,0
12345f94-43da-44bb-a1c0-4de8d3638fc5,OFAG,2.0,0,0
12533145-5e69-4f73-b5d1-ba00068c2c6e,HQ,3.0,1,0
129d5165-221d-428b-8c3b-7023770fde4a,EPSS Networking Infra and Modular Data Center,1.0,0,0
129d5165-221d-428b-8c3b-7023770fde4a,ICT Park TTA,2.0,0,0
129d5165-221d-428b-8c3b-7023770fde4a,Kaizen VC Equipment,1.0,0,0
133769bd-8026-451c-ba13-e091daaa3cc7,HQ,12.0,1,0
14115dea-8bd6-4c1a-9f31-c9da0736a9b4,HQ,2.0,2,0
14ac1241-e1ba-43a7-a44b-ae24283dde01,EPSS Networking Infra and Modular Data Center,2.0,0,0
14ac1241-e1ba-43a7-a44b-ae24283dde01,HQ Office Facility,1.0,0,0
14ac1241-e1ba-43a7-a44b-ae24283dde01,HQ support,1.0,0,0
14ac1241-e1ba-43a7-a44b-ae24283dde01,ICT Park TTA,2.0,0,0
14ac1241-e1ba-43a7-a44b-ae24283dde01,Kaizen VC Equipment,1.0,0,0
14ac1241-e1ba-43a7-a44b-ae24283dde01,MINT Commissioning of Smart Communication Rooms at Selected Twenty Governmental Institutions on a Turnkey Basis at 20 sites  (Ref.No ET-MINT-345419-GO-RFB),2.0,0,0
14ac1241-e1ba-43a7-a44b-ae24283dde01,OFAG,1.0,0,0
14ac1241-e1ba-43a7-a44b-ae24283dde01,VFS Global UK-Visa Center,1.0,0,0
1577efc9-9617-4009-9e10-13e673f6cfa8,HQ,1.0,1,0
158862ca-3861-49d0-a341-3bf73b030cdc,HQ,2.0,2,0
1640e08b-0233-4e3f-8e38-f134d2307c24,HQ,4.0,0,0
16f9d683-4e8a-4473-a705-9dc3b76a2bd0,HQ,1.0,1,0
174ffdc4-2170-4594-98c8-80f9216db0c1,HQ,2.0,1,0
17a9cd1d-c8f9-4d92-8af7-bc943746b275,HQ,1.0,1,0
17cd6d09-1764-4729-868c-e057cdc212d7,HQ,3.0,0,0
18e7da2c-643e-4e62-a6fa-3068c5de3f6e,EPSS Networking Infra and Modular Data Center,2.0,0,0
18e7da2c-643e-4e62-a6fa-3068c5de3f6e,ERA and MOTL support,1.0,0,0
18e7da2c-643e-4e62-a6fa-3068c5de3f6e,ICT Park TTA,1.0,0,0
18e7da2c-643e-4e62-a6fa-3068c5de3f6e,Kaizen VC Equipment,2.0,0,0
18e7da2c-643e-4e62-a6fa-3068c5de3f6e,MINT Commissioning of Smart Communication Rooms at Selected Twenty Governmental Institutions on a Turnkey Basis at 20 sites  (Ref.No ET-MINT-345419-GO-RFB),1.0,0,0
18e7da2c-643e-4e62-a6fa-3068c5de3f6e,MOR HCI Solution,1.0,0,0
18e7da2c-643e-4e62-a6fa-3068c5de3f6e,VFS Saudi Mofa RFQ-893,1.0,0,0
18ebd8ca-5fc8-4bd7-aef7-0da1cc51516d,HQ,1.0,1,0
18fd249f-3382-46cb-9a64-9cf3a5c7da05,HQ,1.0,1,0
19bb9385-122c-4b19-bbc2-e3b3e6cb8e65,EPSS Networking Infra and Modular Data Center,2.0,0,0
1afe2047-ad3b-40fa-8e8c-c3dcbef0f61c,HQ,1.0,1,0
1b03efc3-997a-420b-a6d8-495f85c1ab73,HQ,5.0,1,0
1b0db11f-20c2-44dd-9b2f-573bdb3a7858,HQ,3.0,1,0
1ba99385-96ce-4fbb-92ed-83448c0a2cb0,AMU,1.0,0,0
1ba99385-96ce-4fbb-92ed-83448c0a2cb0,ATI SDN,1.0,0,0
1ba99385-96ce-4fbb-92ed-83448c0a2cb0,CBE HCI,2.0,0,0
1ba99385-96ce-4fbb-92ed-83448c0a2cb0,EPSS Networking Infra and Modular Data Center,13.0,0,0
1ba99385-96ce-4fbb-92ed-83448c0a2cb0,ERA and MOTL support,1.0,0,0
1ba99385-96ce-4fbb-92ed-83448c0a2cb0,MINT Commissioning of Smart Communication Rooms at Selected Twenty Governmental Institutions on a Turnkey Basis at 20 sites  (Ref.No ET-MINT-345419-GO-RFB),10.0,0,0
1bc3c9fb-8285-46dd-a744-6840fa6cbf9e,AMU,1.0,0,0
1bc3c9fb-8285-46dd-a744-6840fa6cbf9e,EPSS Networking Infra and Modular Data Center,2.0,0,0
1bc3c9fb-8285-46dd-a744-6840fa6cbf9e,ERA,1.0,0,0
1bc3c9fb-8285-46dd-a744-6840fa6cbf9e,ERA and MOTL support,1.0,0,0
1bc3c9fb-8285-46dd-a744-6840fa6cbf9e,ICT Park TTA,6.0,0,0
1bc3c9fb-8285-46dd-a744-6840fa6cbf9e,MINT Commissioning of Smart Communication Rooms at Selected Twenty Governmental Institutions on a Turnkey Basis at 20 sites  (Ref.No ET-MINT-345419-GO-RFB),5.0,0,0
1bc3c9fb-8285-46dd-a744-6840fa6cbf9e,MOTI,1.0,0,0
1bc3c9fb-8285-46dd-a744-6840fa6cbf9e,OFAG,1.0,0,0
1d24f658-5951-49e6-8f54-4decadb7c64c,HQ,1.0,0,0
1da3b585-44f2-4246-84ee-71401c943202,HQ,2.0,1,0
1daca780-61cc-466c-b1b6-f95f45e36244,HQ,3.0,0,0
1dc8b963-423c-436a-bf1e-f6b883c9f460,HQ,1.0,1,1
1e819ba0-1e95-42a9-9bfe-ce77666b8040,HQ,3.0,1,0
1ebcc433-5bfd-4370-b909-dae05bdbdb10,HQ,4.0,1,0
20c44448-8b2b-4fd1-938b-344749fd04df,Kaizen VC Equipment,1.0,0,0
21962493-8c87-4c26-9999-834e2ee79572,HQ,1.0,1,0
21f5a9db-8525-4eab-b5ca-eacb14deeced,HQ,1.0,1,0
22122b4f-685d-4d70-9e9d-1f8a6ea69f0a,HQ,1.0,0,0
2283de67-5d84-4145-88a1-30a98fcf5430,HQ,1.0,1,0
24538487-cc29-47db-9b2a-a56f87a4be83,AMU,1.0,0,0
24538487-cc29-47db-9b2a-a56f87a4be83,BDU-DCF,1.0,0,0
24538487-cc29-47db-9b2a-a56f87a4be83,EPSS Networking Infra and Modular Data Center,1.0,0,0
24538487-cc29-47db-9b2a-a56f87a4be83,ERA and MOTL support,2.0,0,0
24538487-cc29-47db-9b2a-a56f87a4be83,ESS NOC,2.0,0,0
24538487-cc29-47db-9b2a-a56f87a4be83,HQ Office Facility,1.0,0,0
24538487-cc29-47db-9b2a-a56f87a4be83,ICT Park TTA,6.0,0,0
24538487-cc29-47db-9b2a-a56f87a4be83,Kaizen VC Equipment,3.0,0,0
24538487-cc29-47db-9b2a-a56f87a4be83,MINT Commissioning of Smart Communication Rooms at Selected Twenty Governmental Institutions on a Turnkey Basis at 20 sites  (Ref.No ET-MINT-345419-GO-RFB),7.0,0,0
24538487-cc29-47db-9b2a-a56f87a4be83,MINT Smart Room Support,4.0,0,0
24538487-cc29-47db-9b2a-a56f87a4be83,MInT smart communication room,1.0,0,0
24538487-cc29-47db-9b2a-a56f87a4be83,OFAG,1.0,0,0
246415b2-ca3e-43e2-85d9-b013ee5f78d5,HQ,7.0,3,0
253ee4d9-4c34-4ccc-b00f-8374b3aa29d9,AMU,1.0,0,0
253ee4d9-4c34-4ccc-b00f-8374b3aa29d9,EPSS Networking Infra and Modular Data Center,10.0,0,0
253ee4d9-4c34-4ccc-b00f-8374b3aa29d9,HQ support,1.0,0,0
253ee4d9-4c34-4ccc-b00f-8374b3aa29d9,ICT Park TTA,11.0,0,0
253ee4d9-4c34-4ccc-b00f-8374b3aa29d9,MINT Commissioning of Smart Communication Rooms at Selected Twenty Governmental Institutions on a Turnkey Basis at 20 sites  (Ref.No ET-MINT-345419-GO-RFB),6.0,0,0
253ee4d9-4c34-4ccc-b00f-8374b3aa29d9,MINT Smart Room Support,3.0,0,0
253ee4d9-4c34-4ccc-b00f-8374b3aa29d9,OFAG,1.0,0,0
253ee4d9-4c34-4ccc-b00f-8374b3aa29d9,VFS Saudi Mofa RFQ-893,1.0,0,0
2551f931-0bbc-4850-bbab-d6ec7f174d2d,HQ,4.0,3,0
263a2c89-c91f-4ddc-a114-5fd1e7191593,HQ,78.0,2,0
2748829d-9308-43a2-9d7f-a4320450144f,HQ,3.0,0,0
279202dd-4ad9-4797-81a1-8df2e2fec0fb,HQ,8.0,2,0
27aae528-d335-44b9-a77a-395f3fb573f0,HQ,2.0,1,0
28e41f2a-2b57-4c13-a8e0-e92c8dca0792,HQ,1.0,1,0
296c9e3e-eead-413e-9f65-3e12ae79aa00,HQ,2.0,2,0
2a44e5fd-2ea3-4484-bd3a-39eabd8cfc66,HQ,8.0,4,0
2aab5fc0-1eb4-41dd-8dc8-1f791987af2b,HQ,5.0,1,0
2acd8d7d-35a5-44d2-b078-568fd8c11994,Store and Inventory,9.0,0,0
2acd8d7d-35a5-44d2-b078-568fd8c11994,Test Project,5.0,0,0
2acd9d7d-35a5-44d2-b078-568fd8c11994,HQ,10.0,0,0
2b06faa9-dcb1-4f4e-9499-f98209e16733,HQ,75.0,1,0
2b55c32c-9901-4ce7-a38e-5a4139839673,HQ,8.0,1,0
2b911cc0-a49e-4d74-8587-986b96daa9a5,EPSS Networking Infra and Modular Data Center,1.0,0,0
2b911cc0-a49e-4d74-8587-986b96daa9a5,MINT Commissioning of Smart Communication Rooms at Selected Twenty Governmental Institutions on a Turnkey Basis at 20 sites  (Ref.No ET-MINT-345419-GO-RFB),1.0,0,0
2ca2c076-9350-4f05-bcc4-deb68e02a291,HQ,2.0,2,0
2d345e7d-2b5a-474e-aec4-59fb6de85933,AMU,1.0,0,0
2d345e7d-2b5a-474e-aec4-59fb6de85933,BDU-DCF,1.0,0,0
2d345e7d-2b5a-474e-aec4-59fb6de85933,EPSS Networking Infra and Modular Data Center,7.0,0,0
2d345e7d-2b5a-474e-aec4-59fb6de85933,ESS NOC,1.0,0,0
2d345e7d-2b5a-474e-aec4-59fb6de85933,ICT Park TTA,5.0,0,0
2d345e7d-2b5a-474e-aec4-59fb6de85933,Kaizen VC Equipment,3.0,0,0
2d345e7d-2b5a-474e-aec4-59fb6de85933,MINT Commissioning of Smart Communication Rooms at Selected Twenty Governmental Institutions on a Turnkey Basis at 20 sites  (Ref.No ET-MINT-345419-GO-RFB),7.0,0,0
2d345e7d-2b5a-474e-aec4-59fb6de85933,MINT Smart Room Support,3.0,0,0
2df944d8-ea87-4143-a2bd-8781e3abf3b9,HQ,8.0,3,0
2e1d71c7-5858-41ca-93f3-5d2e52de62d4,HQ,1.0,1,1
2e384c1d-609d-4cbc-9a38-c24b9228921e,HQ,1.0,0,0
2ed46ccb-3951-4dfb-9984-b20f2015ae48,AMU,1.0,0,0
2ed46ccb-3951-4dfb-9984-b20f2015ae48,BDU WLAN,1.0,0,0
2ed46ccb-3951-4dfb-9984-b20f2015ae48,EPSS Networking Infra and Modular Data Center,1.0,0,0
2ed46ccb-3951-4dfb-9984-b20f2015ae48,ERA,1.0,0,0
2ed46ccb-3951-4dfb-9984-b20f2015ae48,ERA and MOTL support,1.0,0,0
2ed46ccb-3951-4dfb-9984-b20f2015ae48,HQ support,1.0,0,0
2ed46ccb-3951-4dfb-9984-b20f2015ae48,ICT Park TTA,3.0,0,0
2ed46ccb-3951-4dfb-9984-b20f2015ae48,MINT Smart Room Support,1.0,0,0
2ed46ccb-3951-4dfb-9984-b20f2015ae48,MiNT(ECA) - DC,1.0,0,0
2ed46ccb-3951-4dfb-9984-b20f2015ae48,OFAG,1.0,0,0
2ed46ccb-3951-4dfb-9984-b20f2015ae48,VFS Saudi Mofa RFQ-893,1.0,0,0
2f06db19-ccd3-461f-9d2d-995ac0948b47,HQ,25.0,2,0
3039f7cd-5217-4fd4-af59-afb78f95d5a0,HQ,1.0,1,0
30790527-a5c9-4cd8-ac21-4e3095daa50c,HQ,1.0,0,0
309d7da1-fbc9-432e-93b7-94e4cc4b62ec,HQ,1.0,0,0
316d7525-31dd-4bc0-be15-7ae8d95c1d17,HQ,1.0,1,0
318b6195-cf0b-4ec9-b366-609d477442f6,HQ,47.0,1,0
31d3ab71-62d7-4cc9-92c7-05d3cfc2d5db,HQ,6.0,3,0
32c0c605-2cdb-4da4-9617-989e9d2c99eb,HQ,1.0,1,0
33486661-54ed-491b-82be-f41e035ea74d,ERA and MOTL support,1.0,0,0
33486661-54ed-491b-82be-f41e035ea74d,MINT Commissioning of Smart Communication Rooms at Selected Twenty Governmental Institutions on a Turnkey Basis at 20 sites  (Ref.No ET-MINT-345419-GO-RFB),1.0,0,0
334a7eb0-60f2-4f62-9de2-aea714dbf657,HQ,1.0,1,0
33bcba97-929d-47e6-954f-c946c7a3f859,HQ,15.0,0,0
34deda59-e354-448f-957f-6cbcde040317,ERA,1.0,0,0
34deda59-e354-448f-957f-6cbcde040317,ERA and MOTL support,1.0,0,0
35446524-b1d3-471c-8945-a2b020e212e7,HQ,288.0,29,0
356dab91-c195-4976-a378-a27f1a675f98,HQ,5.0,2,0
365d133f-e811-40df-8d26-a79226997a70,HQ,3.0,1,0
36a1ab36-e1ba-4746-84b9-9c56e0317177,ICT Park TTA,2.0,0,0
36a1ab36-e1ba-4746-84b9-9c56e0317177,MINT Commissioning of Smart Communication Rooms at Selected Twenty Governmental Institutions on a Turnkey Basis at 20 sites  (Ref.No ET-MINT-345419-GO-RFB),1.0,0,0
3700b366-984d-4758-9eb1-ffc175484a4a,HQ,2.0,1,0
38fb8b18-927c-4684-8be6-6c050b0187db,HQ,1.0,1,0
390b1ec8-6481-47fb-affd-b7093e9634b1,HQ,67.0,14,0
3b58fe50-9e41-4f8b-9018-1fc0a719b6d9,HQ,100.0,1,0
3c9fc612-8201-4d3e-a60b-cbae56524d85,HQ,3.0,1,0
3dfc9855-cb9b-4244-a7de-bffbc3ead43e,HQ,2.0,1,0
3e096438-9c2d-4784-beb2-bd4cd9d6fae1,HQ,1.0,1,0
3edb8e3f-e46a-4b1d-a204-e7154b5f2bcf,Kaizen VC Equipment,1.0,0,0
4055da85-fd68-4062-b461-72385dbba52f,HQ,4.0,3,0
409e9df1-77a2-42b1-93d6-c5fb70f09ad5,HQ,4.0,1,0
4139e12a-e0fa-429c-a062-d72f9709e0b6,HQ,1.0,0,0
417d6561-6ac0-4b13-97b2-f5acb9d9505a,HQ,1.0,1,0
4304188c-3479-4ffd-9864-f5b6ee15fde8,HQ,1.0,1,1
434543d2-5ca6-4999-ad55-0c80f26ef963,HQ,3.0,0,0
434d34d9-38f0-4ea2-9aa7-f216fb22103d,HQ,5.0,1,0
43723adf-eac1-48f0-9e9a-973fe9ba6181,HQ,170.0,1,0
43750e39-110c-44ba-a0a6-c965ad84e553,HQ,2.0,1,0
44418391-76e7-4edb-9c52-8b4f8ec74b19,HQ,1.0,0,0
454d491e-14ee-4580-ba95-228cbcb60514,HQ,123.0,4,0
459da8e3-2430-46da-aa1d-525d93be28c5,HQ Office Facility,1.0,0,0
459da8e3-2430-46da-aa1d-525d93be28c5,ICT Park TTA,1.0,0,0
46119370-5bc9-4af5-b199-181c93db1866,HQ,1.0,1,0
467689bb-6e2d-4bfc-bf3f-33f49239306f,HQ,180.0,14,0
46d6ac82-6111-45f1-84ec-1ce0f4f7ad3e,HQ,5.0,2,0
46df08af-c130-4389-8545-f48d82489218,HQ,1.0,1,0
4734e0fe-8fc1-4686-b023-72505c4dbc0d,ERA and MOTL support,2.0,0,0
47a2a7b7-a854-4d99-a1e6-069019448dcb,HQ,50.0,1,0
4976921a-c455-4c51-8d70-4be034e15d7a,HQ,7.0,1,0
4b529687-8396-4135-b9bd-08c79c02d01f,HQ,2.0,0,0
4c6d5d45-89ef-442d-b315-b4518f5b4251,HQ,8.0,3,0
4cb6cc41-7895-47cc-a6e2-77e7d84631f6,HQ,1.0,0,0
4cfa13c9-c257-4c95-92db-ba856b64fda5,HQ,45.0,0,0
4d4f183a-3bdd-41ea-9f10-7947128a750b,HQ,63.0,7,0
4da87366-d266-4a9d-ae7b-a5a4dbf0c6d8,EPSS Networking Infra and Modular Data Center,1.0,0,0
4da87366-d266-4a9d-ae7b-a5a4dbf0c6d8,ICT Park TTA,3.0,0,0
4da87366-d266-4a9d-ae7b-a5a4dbf0c6d8,MINT Commissioning of Smart Communication Rooms at Selected Twenty Governmental Institutions on a Turnkey Basis at 20 sites  (Ref.No ET-MINT-345419-GO-RFB),2.0,0,0
4da87366-d266-4a9d-ae7b-a5a4dbf0c6d8,OFAG,1.0,0,0
4da87366-d266-4a9d-ae7b-a5a4dbf0c6d8,Store and Inventory,2.0,0,0
4db07952-ffa7-4b9a-b537-baddbac60335,HQ,2.0,1,0
4e49904f-417b-4b69-85a3-32979badbc77,HQ,20.0,1,0
4fa0d6c8-0ec3-498b-8209-f592c6483264,HQ,40.0,0,0
4fada355-cf98-422b-bbbf-0526537a1ae3,HQ,101.0,31,0
5013397d-735a-441c-93ae-d4e1bc6e0081,HQ,1.0,1,0
506918c5-bb43-4e49-9133-f144c6a890be,MINT Commissioning of Smart Communication Rooms at Selected Twenty Governmental Institutions on a Turnkey Basis at 20 sites  (Ref.No ET-MINT-345419-GO-RFB),3.0,0,0
508cced1-1f1d-4e4f-81de-c9b1a48b5870,HQ,1.0,0,0
509f22d5-3a4b-4946-9e1b-a21a2312eb73,HQ,2.0,1,0
50b7b343-57af-409b-a08e-87f1ad24d564,ICT Park TTA,1.0,0,0
51895fde-9495-445f-ad7d-f0695b45ff32,HQ,61.0,16,0
541c4017-befa-4071-a11d-74e8ca68daea,AMU,1.0,0,0
541c4017-befa-4071-a11d-74e8ca68daea,EPSS Networking Infra and Modular Data Center,11.0,0,0
541c4017-befa-4071-a11d-74e8ca68daea,ERA and MOTL support,1.0,0,0
541c4017-befa-4071-a11d-74e8ca68daea,ESS NOC,1.0,0,0
541c4017-befa-4071-a11d-74e8ca68daea,ICT Park TTA,3.0,0,0
541c4017-befa-4071-a11d-74e8ca68daea,Kaizen VC Equipment,1.0,0,0
541c4017-befa-4071-a11d-74e8ca68daea,MINT Commissioning of Smart Communication Rooms at Selected Twenty Governmental Institutions on a Turnkey Basis at 20 sites  (Ref.No ET-MINT-345419-GO-RFB),5.0,0,0
541c4017-befa-4071-a11d-74e8ca68daea,MINT Smart Room Support,4.0,0,0
541c4017-befa-4071-a11d-74e8ca68daea,OFAG,3.0,0,0
54be0bde-9a6b-4023-8e6f-a439d62e385a,HQ,2.0,1,0
561d553d-87a4-4c37-a813-706727a2a5b0,Kaizen VC Equipment,2.0,0,0
561d553d-87a4-4c37-a813-706727a2a5b0,MINT Commissioning of Smart Communication Rooms at Selected Twenty Governmental Institutions on a Turnkey Basis at 20 sites  (Ref.No ET-MINT-345419-GO-RFB),1.0,0,0
561d553d-87a4-4c37-a813-706727a2a5b0,MINT Smart Room Support,1.0,0,0
561d553d-87a4-4c37-a813-706727a2a5b0,MOF (OFAG) Audio Video,1.0,0,0
561d553d-87a4-4c37-a813-706727a2a5b0,OFAG,1.0,0,0
561d553d-87a4-4c37-a813-706727a2a5b0,VFS Saudi Mofa RFQ-893,1.0,0,0
56ef7d4f-e564-46f7-bc47-a7ad3925a855,HQ,3.0,2,0
58da6abb-ee2c-422d-93cb-88a72a9bd2d6,OFAG,1.0,0,0
5a67215a-cfdf-4d82-ae03-967d3fa5a0c9,HQ,19.0,1,0
5caaf398-3520-47ba-a00a-c3c8dad9f072,EPSS Networking Infra and Modular Data Center,1.0,0,0
5d10e691-4733-40d5-ae74-889480caad28,HQ,2.0,0,0
5d68a6f3-debc-4498-8e90-20c9c6556de8,HQ,1.0,1,0
5d9f347b-2986-4773-bc6c-52395e896bc0,HQ,1.0,1,0
5f7b8641-b75d-48e4-8d7e-7c550a181799,HQ,1.0,1,0
5fa4b599-189a-4cdf-be41-e9983917c452,HQ,3.0,1,0
6129a245-ba9a-4fb0-b5ca-8a6b4b398f83,HQ,14.0,0,0
614ef267-7135-4210-92e2-2e0a84433e6e,MINT Commissioning of Smart Communication Rooms at Selected Twenty Governmental Institutions on a Turnkey Basis at 20 sites  (Ref.No ET-MINT-345419-GO-RFB),1.0,0,0
614f4491-9a37-4791-91db-1ff1dadaeb62,HQ,1.0,1,0
61fea7e0-ada4-47a4-a84a-6142f9862b7e,HQ,1.0,1,0
62116874-de42-4267-9807-7ae2cd9395ef,HQ,63.0,2,1
62416874-de42-4267-9807-7ae2cd9395ef,HQ,84.0,0,0
63205eee-f6ba-4293-ad0b-0de8d142d948,EPSS Networking Infra and Modular Data Center,1.0,0,0
63205eee-f6ba-4293-ad0b-0de8d142d948,Kaizen VC Equipment,1.0,0,0
63205eee-f6ba-4293-ad0b-0de8d142d948,MINT Commissioning of Smart Communication Rooms at Selected Twenty Governmental Institutions on a Turnkey Basis at 20 sites  (Ref.No ET-MINT-345419-GO-RFB),1.0,0,0
63673b43-b943-4fef-bbf5-777cd6a7d8e2,AAiT,1.0,0,0
63673b43-b943-4fef-bbf5-777cd6a7d8e2,AMU,1.0,0,0
63673b43-b943-4fef-bbf5-777cd6a7d8e2,ATI SDN,2.0,0,0
63673b43-b943-4fef-bbf5-777cd6a7d8e2,ATI SDWAN and VMWARE License,1.0,0,0
63673b43-b943-4fef-bbf5-777cd6a7d8e2,EPSS Networking Infra and Modular Data Center,7.0,0,0
63673b43-b943-4fef-bbf5-777cd6a7d8e2,ERA and MOTL support,1.0,0,0
63673b43-b943-4fef-bbf5-777cd6a7d8e2,ESS NOC,1.0,0,0
63673b43-b943-4fef-bbf5-777cd6a7d8e2,HQ,1.0,0,0
63673b43-b943-4fef-bbf5-777cd6a7d8e2,HQ Office Facility,2.0,0,0
63673b43-b943-4fef-bbf5-777cd6a7d8e2,HQ support,1.0,0,0
63673b43-b943-4fef-bbf5-777cd6a7d8e2,ICT Park TTA,11.0,0,0
63673b43-b943-4fef-bbf5-777cd6a7d8e2,Kaizen VC Equipment,2.0,0,0
63673b43-b943-4fef-bbf5-777cd6a7d8e2,MINT Commissioning of Smart Communication Rooms at Selected Twenty Governmental Institutions on a Turnkey Basis at 20 sites  (Ref.No ET-MINT-345419-GO-RFB),14.0,0,0
63673b43-b943-4fef-bbf5-777cd6a7d8e2,MINT Smart Room Support,1.0,0,0
63673b43-b943-4fef-bbf5-777cd6a7d8e2,MInT smart communication room,2.0,0,0
63673b43-b943-4fef-bbf5-777cd6a7d8e2,MOTI,2.0,0,0
63673b43-b943-4fef-bbf5-777cd6a7d8e2,MoF OFAG-AV,1.0,0,0
63673b43-b943-4fef-bbf5-777cd6a7d8e2,OFAG,2.0,0,0
63673b43-b943-4fef-bbf5-777cd6a7d8e2,Project- MINT Smart Communication and Turnkey (Ref.No ET-MINT-345419-GO-RFB),1.0,0,0
63673b43-b943-4fef-bbf5-777cd6a7d8e2,Store and Inventory,1.0,0,0
659ffa3e-4bc0-461e-870f-20ab03bd04a9,HQ,4.0,0,0
65f92733-04a4-4fa9-8052-dcb681df32d9,HQ,3.0,0,0
67972448-9889-41e6-ba2b-d6228242010f,HQ,1.0,1,0
67ea615f-f157-4409-85d3-ee2be51b1c3d,HQ,49.0,4,0
67efaf78-fcbc-4a0a-bbdc-8cd6157ab139,HQ,15.0,2,0
68116874-de42-4267-9807-7ae2cd9395ef,HQ,21.0,1,0
6891eaa9-8307-416d-bba4-db5cebf26109,HQ,2.0,1,0
690d4c51-fd03-49d4-9393-592610f5b29b,HQ,1.0,1,0
693ee170-2f5a-4038-8d07-8f648c6fac22,HQ,1.0,0,0
698ada5b-6578-4ba6-8d65-77951b92d198,HQ,1.0,1,0
6b702326-73bb-4019-b070-7ded129f8a1d,HQ,1.0,1,0
6c26779f-cf47-4de0-9531-2b2a5eb337c3,HQ,450.0,1,0
6dc7f99c-f794-4d97-856e-0fbc8dd981e9,HQ,6.0,0,0
6e3fe601-edff-4c8f-bedb-3bbcfaf42554,HQ,2.0,0,0
6e9c8b49-347c-4d86-ba50-22a9665922aa,HQ,144.0,5,0
701d68ba-aa68-4cfb-9a4d-28c26c7e772e,HQ,5.0,2,0
704cbfce-d583-43e9-89b0-b346b3457274,HQ,56.0,1,0
724ce6e3-41c7-4768-adb5-ff15f2052941,ERA and MOTL support,2.0,0,0
724ce6e3-41c7-4768-adb5-ff15f2052941,MINT Commissioning of Smart Communication Rooms at Selected Twenty Governmental Institutions on a Turnkey Basis at 20 sites  (Ref.No ET-MINT-345419-GO-RFB),1.0,0,0
73ad8c2f-8651-4183-9fdf-a56e106c4c76,MOTI,1.0,0,0
73b924e7-5780-4ba5-af0d-fb86234dc912,HQ,3.0,0,0
755e3ce3-b7bf-473d-96d4-a42b15f65dc1,HQ,2.0,1,0
75c0a1f5-a734-477a-9848-97dfb4e45e19,HQ,3.0,1,0
75c23f67-3799-4669-86b3-99b34081797f,HQ,2.0,0,0
765e3abc-9c4b-45db-9a26-ce349af651be,HQ,3.0,3,0
76d0c743-e2a1-4a7e-898d-78de19cc3b45,HQ,24.0,3,0
76d77479-2f04-4779-a559-c7040c06a1e0,HQ,34.0,2,0
77232f41-b9c1-4023-922d-105118617641,HQ,5.0,1,0
782ef666-efe6-4fd1-9f9d-1e338b7b4657,HQ,6.0,2,0
79959082-8a64-4b7a-9783-68d7889f2abc,HQ,63.0,0,0
79b09d4c-af32-4733-88c1-8f386d9c4e2a,ATI SDN,3.0,0,0
79b09d4c-af32-4733-88c1-8f386d9c4e2a,BDU-DCF,1.0,0,0
79b09d4c-af32-4733-88c1-8f386d9c4e2a,EPSS Networking Infra and Modular Data Center,6.0,0,0
79b09d4c-af32-4733-88c1-8f386d9c4e2a,MINT Commissioning of Smart Communication Rooms at Selected Twenty Governmental Institutions on a Turnkey Basis at 20 sites  (Ref.No ET-MINT-345419-GO-RFB),1.0,0,0
79b09d4c-af32-4733-88c1-8f386d9c4e2a,MINT Smart Room Support,1.0,0,0
7a08d848-9c11-4952-9f5e-cadc37102ccc,HQ,2.0,0,0
7a7ab1da-be8c-46f7-962f-c483f642a101,HQ,1.0,1,0
7ab7df5e-00ea-4ee3-a056-bedebbbfb75e,HQ,1.0,1,0
7afe4e94-25eb-430a-9449-c904121f916c,HQ,1.0,1,0
7c7e09d3-e409-423c-887e-522ab351be21,HQ,10.0,1,0
7cfccb26-b951-4137-bbc5-32aecdf05233,HQ,1.0,1,0
7db8c198-acc6-46ce-916f-2326cae3c2f2,HQ,1.0,1,0
7eba7467-5bfb-4faa-847d-da44f7470ed1,HQ,2.0,2,0
7fba26bf-c91a-4987-9b9c-d393a36498ae,HQ,190.0,3,0
827116e3-ba47-49eb-b30e-9de48ec3410e,HQ,20.0,1,0
8334466d-f012-4002-991c-d56eaf2cd757,HQ,1.0,0,0
8485ac05-4d85-421f-a80e-67d07a87bbf8,HQ,1.0,1,0
865b9385-c9db-4e72-956f-31c2a747e7eb,HQ,3.0,1,0
895fe659-af6e-400e-bb27-68b7d508141d,HQ,8.0,1,0
899d482f-66a2-4767-a07f-405d41f26236,HQ,5.0,4,0
89b360ad-c1a6-40c7-a828-6e1b842e5b34,CBE HCI,1.0,0,0
89b360ad-c1a6-40c7-a828-6e1b842e5b34,ERA,1.0,0,0
89b360ad-c1a6-40c7-a828-6e1b842e5b34,ERA and MOTL support,1.0,0,0
89b360ad-c1a6-40c7-a828-6e1b842e5b34,HQ Office Facility,1.0,0,0
89b360ad-c1a6-40c7-a828-6e1b842e5b34,HQ support,1.0,0,0
89b360ad-c1a6-40c7-a828-6e1b842e5b34,ICT Park TTA,2.0,0,0
89b360ad-c1a6-40c7-a828-6e1b842e5b34,VFS Global UK-Visa Center,1.0,0,0
89b360ad-c1a6-40c7-a828-6e1b842e5b34,VFS Saudi Mofa RFQ-893,2.0,0,0
89cb996f-2b65-4076-a252-7202fcde5adc,HQ,3.0,1,1
8a676fcc-a55e-4cad-a8ab-de3c92928bea,HQ,3.3,1,0
8c31b40c-972b-4b6f-a6d9-3597a5139ab4,HQ,7.0,2,0
8cd11745-0cd6-4b63-a720-3434e171d6a5,AAiT,1.0,0,0
8cd11745-0cd6-4b63-a720-3434e171d6a5,AMU,1.0,0,0
8cd11745-0cd6-4b63-a720-3434e171d6a5,ATI SDN,1.0,0,0
8cd11745-0cd6-4b63-a720-3434e171d6a5,CBE HCI,1.0,0,0
8cd11745-0cd6-4b63-a720-3434e171d6a5,EIABC Data Center License Renewal,1.0,0,0
8cd11745-0cd6-4b63-a720-3434e171d6a5,EPSS Networking Infra and Modular Data Center,17.0,0,0
8cd11745-0cd6-4b63-a720-3434e171d6a5,ERA,1.0,0,0
8cd11745-0cd6-4b63-a720-3434e171d6a5,ERA and MOTL support,1.0,0,0
8cd11745-0cd6-4b63-a720-3434e171d6a5,Eagle Hills Ethiopia Real Estate PLC,1.0,0,0
8cd11745-0cd6-4b63-a720-3434e171d6a5,HQ Office Facility,2.0,0,0
8cd11745-0cd6-4b63-a720-3434e171d6a5,HQ support,2.0,0,0
8cd11745-0cd6-4b63-a720-3434e171d6a5,ICT Park TTA,14.0,0,0
8cd11745-0cd6-4b63-a720-3434e171d6a5,Kaizen VC Equipment,3.0,0,0
8cd11745-0cd6-4b63-a720-3434e171d6a5,MINT Commissioning of Smart Communication Rooms at Selected Twenty Governmental Institutions on a Turnkey Basis at 20 sites  (Ref.No ET-MINT-345419-GO-RFB),23.0,0,0
8cd11745-0cd6-4b63-a720-3434e171d6a5,MINT Smart Room Support,2.0,0,0
8cd11745-0cd6-4b63-a720-3434e171d6a5,MInT smart communication room,1.0,0,0
8cd11745-0cd6-4b63-a720-3434e171d6a5,MOTI,1.0,0,0
8cd11745-0cd6-4b63-a720-3434e171d6a5,OFAG,2.0,0,0
8cd11745-0cd6-4b63-a720-3434e171d6a5,VFS Global UK-Visa Center,1.0,0,0
8cd11745-0cd6-4b63-a720-3434e171d6a5,VFS Saudi Mofa RFQ-893,2.0,0,0
8da190c5-9b8d-4261-ad44-ac4251f60607,ERA,2.0,0,0
8da190c5-9b8d-4261-ad44-ac4251f60607,ERA and MOTL support,4.0,0,0
8da190c5-9b8d-4261-ad44-ac4251f60607,HQ Office Facility,1.0,0,0
8da190c5-9b8d-4261-ad44-ac4251f60607,ICT Park TTA,1.0,0,0
8da190c5-9b8d-4261-ad44-ac4251f60607,MINT Commissioning of Smart Communication Rooms at Selected Twenty Governmental Institutions on a Turnkey Basis at 20 sites  (Ref.No ET-MINT-345419-GO-RFB),2.0,0,0
8fb8812f-6979-4e0d-8c2b-727448f18e98,EPSS Networking Infra and Modular Data Center,1.0,0,0
9037682a-996a-4245-8e55-68a0095a5a57,HQ,3.0,1,0
9079e8d6-1f3f-4460-9ad0-8e0cd0c053eb,HQ,72.0,1,0
90913873-88a3-492e-959a-3371faa150a7,HQ,50.0,1,0
90f8a4b2-6fac-4acd-a7b0-386772a8d558,HQ,60.0,1,0
91462241-0cfb-40ff-b508-8b53980cd64a,HQ,1.0,0,0
92ab258e-0dbf-4236-acd0-7b641e7ee33a,HQ,11.0,0,0
92e70d19-7d82-4615-b1b4-fee008371e98,EPSS Networking Infra and Modular Data Center,2.0,0,0
92e70d19-7d82-4615-b1b4-fee008371e98,HQ support,1.0,0,0
92e70d19-7d82-4615-b1b4-fee008371e98,ICT Park TTA,3.0,0,0
92e70d19-7d82-4615-b1b4-fee008371e98,Kaizen VC Equipment,5.0,0,0
92e70d19-7d82-4615-b1b4-fee008371e98,MINT Commissioning of Smart Communication Rooms at Selected Twenty Governmental Institutions on a Turnkey Basis at 20 sites  (Ref.No ET-MINT-345419-GO-RFB),4.0,0,0
92e70d19-7d82-4615-b1b4-fee008371e98,MOF (OFAG) Audio Video,1.0,0,0
92e70d19-7d82-4615-b1b4-fee008371e98,VFS Saudi Mofa RFQ-893,1.0,0,0
9420eada-38f4-45db-83ba-379a31d98011,ERA / MoTL Dataceter,1.0,0,0
9420eada-38f4-45db-83ba-379a31d98011,ERA and MOTL support,2.0,0,0
94869ce0-1b91-45c6-a54c-98abb38f078b,HQ,39.0,3,0
94de02a9-fa8a-46ad-82af-6ffeae5e4232,HQ,100.0,1,0
94e5346b-b0a9-414c-b59f-4ff8b4db6801,HQ,123.0,6,0
95a4dfbd-5327-475f-a489-c9cd9e5fe707,HQ,4.0,1,0
95fed111-248d-42f7-a03a-622af48efee8,HQ,2.0,1,0
97582f25-516f-4937-9d08-1ffc40061e7f,HQ,2.0,1,0
9a46dc6b-5356-4ecd-a8c5-b1f5199775fe,HQ,1.0,1,0
9afcce64-c96e-4da6-8a33-b361c51f4b4a,HQ,2.0,1,0
9b00f3af-70be-40a1-a347-fd614f1482c6,HQ,9.0,4,0
9e988309-6a2f-4c68-8831-7245bb96dc52,HQ,5.0,1,0
9ea1b85e-386c-4613-8e4a-ebb8a011bc11,HQ,3.0,1,0
9f1f3446-2cb9-4ea1-b1b3-afac905d88c7,HQ,1.0,1,0
9fb1b48f-9616-4398-9099-91a2f370ca3f,HQ,1.0,0,0
9fe0900a-db72-4b42-8f67-15958f9f4cce,HQ,1.0,0,0
9ff2125b-fb84-4d6d-a7c5-e4f41a8c4019,ERA and MOTL support,1.0,0,0
a07b399d-210c-4656-896c-f4063f3403bb,EPSS Networking Infra and Modular Data Center,3.0,0,0
a07b399d-210c-4656-896c-f4063f3403bb,ICT Park TTA,2.0,0,0
a244da48-872f-413a-8368-26a1806b8fdd,HQ,19.0,1,1
a2bbf731-111a-4057-9de1-660dc6aef20d,HQ,3.0,1,0
a5044766-4edd-4bd3-b04e-0fb40d81e273,HQ,4.0,1,0
a5ed430d-ff41-46ab-95e0-3d8e1514e22d,HQ,1.0,0,0
a61d8432-44c1-4dce-ac70-09b6b35a49ef,HQ,1.0,0,0
a679bf82-3000-4e79-91c0-55ece57adc37,HQ,1.0,0,0
a6c366cd-d721-4f88-b886-b4e84fc6641a,AAiT,1.0,0,0
a6c366cd-d721-4f88-b886-b4e84fc6641a,Boing IP phone,1.0,0,0
a6c366cd-d721-4f88-b886-b4e84fc6641a,CBE HCI,1.0,0,0
a6c366cd-d721-4f88-b886-b4e84fc6641a,EPSS Networking Infra and Modular Data Center,7.0,0,0
a6c366cd-d721-4f88-b886-b4e84fc6641a,ERA,2.0,0,0
a6c366cd-d721-4f88-b886-b4e84fc6641a,ERA and MOTL support,8.0,0,0
a6c366cd-d721-4f88-b886-b4e84fc6641a,ESS NOC,1.0,0,0
a6c366cd-d721-4f88-b886-b4e84fc6641a,Ethiopian Communications Authority(ECA) Office 365 license,1.0,0,0
a6c366cd-d721-4f88-b886-b4e84fc6641a,Ethiotelecom-exadata,2.0,0,0
a6c366cd-d721-4f88-b886-b4e84fc6641a,HQ Office Facility,2.0,0,0
a6c366cd-d721-4f88-b886-b4e84fc6641a,HQ support,4.0,0,0
a6c366cd-d721-4f88-b886-b4e84fc6641a,ICT Park TTA,6.0,0,0
a6c366cd-d721-4f88-b886-b4e84fc6641a,MINT Commissioning of Smart Communication Rooms at Selected Twenty Governmental Institutions on a Turnkey Basis at 20 sites  (Ref.No ET-MINT-345419-GO-RFB),9.0,0,0
a6c366cd-d721-4f88-b886-b4e84fc6641a,MINT Smart Room Support,3.0,0,0
a6c366cd-d721-4f88-b886-b4e84fc6641a,MINT Software License (Ref.No.ET-MInT-346845-GO-RFB)2023,1.0,0,0
a6c366cd-d721-4f88-b886-b4e84fc6641a,MOR HCI Solution,1.0,0,0
a6c366cd-d721-4f88-b886-b4e84fc6641a,MOTI,1.0,0,0
a6c366cd-d721-4f88-b886-b4e84fc6641a,MiNT(ECA) - DC,1.0,0,0
a6c366cd-d721-4f88-b886-b4e84fc6641a,OFAG,3.0,0,0
a6c366cd-d721-4f88-b886-b4e84fc6641a,Test Project,1.0,0,0
a6c366cd-d721-4f88-b886-b4e84fc6641a,VFS Global UK-Visa Center,1.0,0,0
a6c366cd-d721-4f88-b886-b4e84fc6641a,VFS Saudi Mofa RFQ-893,2.0,0,0
a727204a-3877-4855-82fc-d563ee6e3325,HQ,19.0,0,0
a93f8def-d2ad-4156-b08f-bc6e8cda3707,HQ,1.0,1,0
a99700ae-2a9a-4563-96c6-b22340896136,HQ,1.0,1,0
aa011c0b-67a6-429a-828b-75e0e47a0f19,HQ,3.0,0,0
aa1d9340-6706-4ff1-a7f2-42ade6107e98,HQ,2.0,0,0
abeca3dd-f095-4119-8ce3-680a4f8fc517,HQ,6.0,4,0
ac56d182-bb67-4c83-9b44-683c1813f37e,HQ,41.0,4,0
ac7885ea-1298-4f24-beee-089d8f36ee1b,AMU,1.0,0,0
ac7885ea-1298-4f24-beee-089d8f36ee1b,BDU WLAN,1.0,0,0
ac7885ea-1298-4f24-beee-089d8f36ee1b,EPSS Networking Infra and Modular Data Center,2.0,0,0
ac7885ea-1298-4f24-beee-089d8f36ee1b,ERA,1.0,0,0
ac7885ea-1298-4f24-beee-089d8f36ee1b,ERA and MOTL support,2.0,0,0
ac7885ea-1298-4f24-beee-089d8f36ee1b,HQ support,2.0,0,0
ac7885ea-1298-4f24-beee-089d8f36ee1b,ICT Park TTA,9.0,0,0
ac7885ea-1298-4f24-beee-089d8f36ee1b,Kaizen VC Equipment,1.0,0,0
ac7885ea-1298-4f24-beee-089d8f36ee1b,MINT Commissioning of Smart Communication Rooms at Selected Twenty Governmental Institutions on a Turnkey Basis at 20 sites  (Ref.No ET-MINT-345419-GO-RFB),1.0,0,0
ac7885ea-1298-4f24-beee-089d8f36ee1b,MINT Smart Room Support,2.0,0,0
ac7885ea-1298-4f24-beee-089d8f36ee1b,MOTI,1.0,0,0
ac7885ea-1298-4f24-beee-089d8f36ee1b,MiNT(ECA) - DC,1.0,0,0
ac7885ea-1298-4f24-beee-089d8f36ee1b,OFAG,2.0,0,0
ac7885ea-1298-4f24-beee-089d8f36ee1b,VFS Global UK-Visa Center,1.0,0,0
ac7885ea-1298-4f24-beee-089d8f36ee1b,VFS Saudi Mofa RFQ-893,1.0,0,0
ad32b911-513f-4d86-8172-c0c70d81c2fa,HQ,4.0,3,0
ad57ac92-c5b9-4136-8876-1b4fbdcca292,HQ,1.0,1,0
ad8aaab9-9a97-43a2-82c6-c6de623f0eb3,HQ,1.0,0,0
ae12ef7b-a049-4f49-a366-15afc42efc2d,HQ,1.0,1,0
ae1d4d77-201c-4b61-a783-2aacfd0ab658,EIABC Data Center License Renewal,1.0,0,0
ae1d4d77-201c-4b61-a783-2aacfd0ab658,EPSS Networking Infra and Modular Data Center,3.0,0,0
aecf6651-7dfd-423a-baab-b99db413b8b0,AMU,1.0,0,0
aecf6651-7dfd-423a-baab-b99db413b8b0,EPSS Networking Infra and Modular Data Center,8.0,0,0
aecf6651-7dfd-423a-baab-b99db413b8b0,HQ Office Facility,1.0,0,0
aecf6651-7dfd-423a-baab-b99db413b8b0,ICT Park TTA,7.0,0,0
aecf6651-7dfd-423a-baab-b99db413b8b0,MINT Commissioning of Smart Communication Rooms at Selected Twenty Governmental Institutions on a Turnkey Basis at 20 sites  (Ref.No ET-MINT-345419-GO-RFB),2.0,0,0
aecf6651-7dfd-423a-baab-b99db413b8b0,MoF OFAG-AV,1.0,0,0
aecf6651-7dfd-423a-baab-b99db413b8b0,VFS Global UK-Visa Center,1.0,0,0
aecf6651-7dfd-423a-baab-b99db413b8b0,VFS Saudi Mofa RFQ-893,1.0,0,0
aef46fd7-e102-41b1-b145-04b03a992c94,MiNT(ECA) - DC,1.0,0,0
af2f2de2-d773-431e-bb29-b8a0861914d7,EPSS Networking Infra and Modular Data Center,2.0,0,0
af2f2de2-d773-431e-bb29-b8a0861914d7,ERA and MOTL support,2.0,0,0
af2f2de2-d773-431e-bb29-b8a0861914d7,ICT Park TTA,1.0,0,0
af2f2de2-d773-431e-bb29-b8a0861914d7,VFS Saudi Mofa RFQ-893,1.0,0,0
b114f012-ad89-4db8-ae04-277c64a345b6,VFS Saudi Mofa RFQ-893,1.0,0,0
b25484d3-6ad7-446e-8466-0bc47db35d9f,HQ,1.0,0,0
b4826941-b087-4e57-a2f6-198edd510b14,HQ,1.0,0,0
b5e59949-e752-4db1-9977-58c6d2426419,HQ,2.0,0,0
b686f421-02d0-4d08-8833-32ccca748b84,EPSS Networking Infra and Modular Data Center,1.0,0,0
b6bf5cec-191f-45d4-b77e-f86a0002e03f,HQ,28.0,13,0
b6c04306-cb5a-4e76-8256-6b8300a256c7,HQ,3.0,0,0
b6cb4fb1-9f25-4eac-93d4-3d66a26b5ba0,HQ,1.0,1,0
b766f261-4e14-4666-a644-3024f13b8824,EPSS Networking Infra and Modular Data Center,4.0,0,0
b766f261-4e14-4666-a644-3024f13b8824,HQ support,1.0,0,0
b766f261-4e14-4666-a644-3024f13b8824,ICT Park TTA,1.0,0,0
b766f261-4e14-4666-a644-3024f13b8824,MINT Commissioning of Smart Communication Rooms at Selected Twenty Governmental Institutions on a Turnkey Basis at 20 sites  (Ref.No ET-MINT-345419-GO-RFB),2.0,0,0
b7b37b54-7946-4186-8c8b-bf9e2af7afdc,HQ,2.0,0,0
b81f2e95-2086-42ae-93b7-8513ab896284,HQ,30.0,2,0
b85be595-84ca-4ce0-be2f-16cac8800aa6,HQ,3.0,1,0
b8768299-fd5b-4fa0-ad15-79b58db87359,HQ,3.0,0,0
b89b0790-87a9-4905-84d0-311fc3ca7d96,HQ,130.0,4,0
b935dbab-7144-4abd-8297-e57b09cf9037,EPSS Networking Infra and Modular Data Center,3.0,0,0
b935dbab-7144-4abd-8297-e57b09cf9037,HQ support,1.0,0,0
b935dbab-7144-4abd-8297-e57b09cf9037,ICT Park TTA,1.0,0,0
b935dbab-7144-4abd-8297-e57b09cf9037,Kaizen VC Equipment,1.0,0,0
b935dbab-7144-4abd-8297-e57b09cf9037,MINT Commissioning of Smart Communication Rooms at Selected Twenty Governmental Institutions on a Turnkey Basis at 20 sites  (Ref.No ET-MINT-345419-GO-RFB),5.0,0,0
b935dbab-7144-4abd-8297-e57b09cf9037,MoF OFAG-AV,1.0,0,0
b957bce7-2f6c-4aca-b407-e72640d9b00c,HQ,1.0,1,0
b9f46b80-2d90-4c0a-8f21-c73b86a8c5a0,HQ,1.0,1,0
ba164453-ddec-4a2b-a449-67d437eee6d2,HQ,1.0,1,0
ba688b7f-7b6d-4fe9-9238-54710ce81217,HQ,5.0,2,0
bbec4dad-f2fc-4d9d-90b2-3f3f94538749,HQ,1.0,1,0
bc0fd486-10de-45a7-b03d-5816efc5c357,HQ,126.0,0,0
bc7939fd-3718-48c2-87fd-9ccdc30ffe9c,HQ,1.0,0,0
bcdf8363-b567-4cea-bc11-c8853826b0be,EPSS Networking Infra and Modular Data Center,14.0,0,0
bcdf8363-b567-4cea-bc11-c8853826b0be,ICT Park TTA,2.0,0,0
bcdf8363-b567-4cea-bc11-c8853826b0be,Kaizen VC Equipment,1.0,0,0
bcdf8363-b567-4cea-bc11-c8853826b0be,MINT Commissioning of Smart Communication Rooms at Selected Twenty Governmental Institutions on a Turnkey Basis at 20 sites  (Ref.No ET-MINT-345419-GO-RFB),1.0,0,0
bcdf8363-b567-4cea-bc11-c8853826b0be,MOTI,1.0,0,0
bec2a1d5-354b-4626-8236-8e8fd6bae825,HQ,200.0,1,0
bf20af06-6d2b-4c26-8986-0e80b82faf99,HQ,2.0,0,0
bf2a853e-147f-4c3c-83e3-6f22299cb10e,HQ,3.0,1,0
bf85b1ed-6fdb-4e65-a205-4c6da41c69c1,HQ,2.0,0,0
c040958c-29dd-4ec6-ab04-fd7d8b97ca76,Kaizen VC Equipment,1.0,0,0
c0907036-2eef-4061-943c-54b1e6089af7,HQ,22.0,1,0
c0b3a42c-4c00-4cd6-b868-435ed38bb40d,HQ,17.0,1,0
c15ad098-f9bc-48d1-aeef-e65f888d6b32,ATI SDN,1.0,0,0
c15ad098-f9bc-48d1-aeef-e65f888d6b32,Kaizen VC Equipment,1.0,0,0
c15ad098-f9bc-48d1-aeef-e65f888d6b32,MINT Commissioning of Smart Communication Rooms at Selected Twenty Governmental Institutions on a Turnkey Basis at 20 sites  (Ref.No ET-MINT-345419-GO-RFB),1.0,0,0
c15ad098-f9bc-48d1-aeef-e65f888d6b32,MINT Smart Room Support,1.0,0,0
c15ad098-f9bc-48d1-aeef-e65f888d6b32,MOR HCI Solution,1.0,0,0
c326f89c-28f4-4133-b0e7-2b7ea341bbc0,HQ,10.0,0,0
c3fb7702-932a-4d43-bf3a-6510356eebe4,HQ,2.0,0,0
c4da08c8-110a-4d61-a3b9-cda200b79ce0,HQ,5.0,1,0
c54b512d-2f39-44c6-be47-2149b0a27a93,HQ,2.0,0,0
c5b62428-4645-42f8-b941-500a969cff70,HQ,1.0,0,0
c6dec070-7cf8-4d62-8d7a-685db21e123e,AMU,1.0,0,0
c701d6a8-ce2d-4f44-a0f9-0b9415be53cf,HQ,123.0,0,0
c77656b1-c9e7-4c6b-9ae2-b41e300789a7,HQ,1.0,0,0
c7b52300-cfdf-465f-ba55-0c8ed9c89171,HQ,3.0,0,0
ca076fed-e84f-43bf-a718-a9148a04676e,HQ,1.0,0,0
caa69a2e-a883-4418-8da0-7630bacfad51,HQ,1.0,1,0
cb403b52-6503-4bf6-89e4-75d0619e40ab,HQ,150.0,1,0
cb85263f-12c0-43a0-a884-1799485e60a2,EPSS Networking Infra and Modular Data Center,3.0,0,0
cd22626c-d427-46ea-9c64-865bb20b2b9e,HQ,15.0,0,0
cefb7e53-caf0-4ea0-a112-85ece2cacead,HQ,1.0,1,0
d0a40de6-b360-4c57-a6ca-8ad31d4f6554,HQ,4.0,0,0
d12154cd-da43-454c-9d10-2743ce6eccf5,HQ,1.0,1,0
d189330a-c0ea-4401-bea2-1cef2299cc1f,HQ,3.0,1,0
d18c5348-4614-4c99-9948-dc240d9b4ce1,HQ,2.0,2,0
d1a2eade-6a55-435f-a3e4-c4b98de44790,HQ,34.0,1,0
d2c8a984-348a-4f2b-a96c-ae25352d643e,HQ,24.0,2,0
d45238a0-8484-490c-a899-342d13cd47a6,HQ,4.0,0,0
d4df43ff-b834-45a5-9cee-2bf5cd51ae03,HQ,1.0,1,0
d5250f4b-3c16-41d3-b5f8-8b16adf82883,HQ,1.0,1,1
d535066a-1893-4486-bcc1-335fded44407,HQ,19.0,0,0
d56214c2-0537-4647-bd27-cda27ff3b53c,HQ,2.0,1,0
d617408c-8215-41dd-b5da-d4b20a227583,HQ,2.0,0,0
d67788d2-6e6e-4201-872c-a46b4844384b,ERA and MOTL support,1.0,0,0
d7abf218-25b2-491d-bdec-65c3b1839c43,HQ,20.0,0,0
d90fca0c-a525-4aa5-8510-c04259c2749c,HQ,1.0,1,0
d9141fce-bd24-476b-8f3d-f19d476214f3,HQ,10.0,1,0
d9beab9d-b67d-413f-9a97-d1eefac9693c,ERA and MOTL support,1.0,0,0
d9beab9d-b67d-413f-9a97-d1eefac9693c,MOTI,1.0,0,0
da0f4f9c-219b-4a7b-81d8-1979d2c62b61,HQ,1.0,0,0
da4014c6-8229-45cd-87f3-c92feec74bec,HQ,3.0,2,0
db3f86ec-a2b6-489a-a719-74395dc78310,BDU WLAN,1.0,0,0
db3f86ec-a2b6-489a-a719-74395dc78310,ERA,1.0,0,0
db3f86ec-a2b6-489a-a719-74395dc78310,HQ Office Facility,1.0,0,0
db3f86ec-a2b6-489a-a719-74395dc78310,ICT Park TTA,2.0,0,0
db3f86ec-a2b6-489a-a719-74395dc78310,MiNT(ECA) - DC,2.0,0,0
dbf18000-c32c-4807-941d-22053ef5fdc9,HQ,6.0,1,0
dce0ca5c-1dda-4ce2-8f5a-1ac9d958cbbe,HQ,5.0,0,0
dde84fa4-91fd-4ed1-8780-5b00277964ca,AMU,1.0,0,0
dde84fa4-91fd-4ed1-8780-5b00277964ca,BDU-DCF,1.0,0,0
dde84fa4-91fd-4ed1-8780-5b00277964ca,EPSS Networking Infra and Modular Data Center,1.0,0,0
dde84fa4-91fd-4ed1-8780-5b00277964ca,ERA and MOTL support,1.0,0,0
e096e900-de34-4956-8204-1c793ddfd65b,HQ,1.0,0,0
e0a477ce-66f9-46cf-bc2d-2d5a6f420f7c,HQ,283.0,6,0
e1ff0935-816a-4ee3-ad1a-d9be5e59956f,HQ,2.0,0,0
e22a6892-8cdd-45d1-8f13-7ff1cfe5d428,HQ,8.0,0,0
e3c4c78d-4c16-4d32-a0f8-53e388085aa1,HQ,15.0,1,0
e3f4438c-413f-441a-8e93-be2ab799a800,HQ,2.0,0,0
e4cc4c81-accd-4a16-ac4a-b56229208665,HQ,150.0,2,0
e52fc757-b248-43ea-ad08-b58e919f7c64,HQ,30.0,0,0
e57008e2-90ff-4cb8-9d5d-2cd577eb32e2,HQ,42.0,4,0
e67a786d-52da-4cc7-b32d-4408aafdd59b,EPSS Networking Infra and Modular Data Center,1.0,0,0
e67a786d-52da-4cc7-b32d-4408aafdd59b,MINT Commissioning of Smart Communication Rooms at Selected Twenty Governmental Institutions on a Turnkey Basis at 20 sites  (Ref.No ET-MINT-345419-GO-RFB),2.0,0,0
e67a786d-52da-4cc7-b32d-4408aafdd59b,OFAG,2.0,0,0
e8d8d5d8-6ff5-449b-b641-488320fbebde,HQ,5.0,2,0
e9f46366-7bfb-4469-b52d-c087a7e621cd,HQ,2.0,1,0
ea7b08c1-28f9-4fca-b65b-d5cf90ad4ec0,HQ,4.0,3,0
ea8ad58c-3216-4c62-87bc-ecba4bacf66e,HQ,2.0,0,0
ec908168-ba73-4535-9ca9-db034cf5df89,HQ,1.0,0,0
ece4560c-ea6f-49c9-a8a8-f28f47e4b45c,HQ,2.0,0,0
ed147377-87cb-4133-9a79-4939e6ab39c3,HQ,53.0,1,0
ed239404-5d24-48d7-acc4-169f6e049d4d,HQ,274.0,35,0
ed2c5389-b941-4fc9-9c63-26cd9d9b8d81,ERA,2.0,0,0
ed389113-0818-4313-827a-fff38db5f4cc,HQ,1.0,0,0
ee1a0832-abef-4e3e-af16-4bbb4d01c301,HQ,1.0,0,0
ee932ea7-88da-4d2f-b21d-bc4e0b5e9fa7,MOTI,1.0,0,0
ef692d16-941a-4e02-9851-e03f82c3c4c8,MINT Commissioning of Smart Communication Rooms at Selected Twenty Governmental Institutions on a Turnkey Basis at 20 sites  (Ref.No ET-MINT-345419-GO-RFB),1.0,0,0
ef692d16-941a-4e02-9851-e03f82c3c4c8,OFAG,1.0,0,0
ef692d16-941a-4e02-9851-e03f82c3c4c8,Project- MINT Smart Communication and Turnkey (Ref.No ET-MINT-345419-GO-RFB),1.0,0,0
efd717b1-1c23-427d-a055-acd602a0628d,ERA and MOTL support,1.0,0,0
efd717b1-1c23-427d-a055-acd602a0628d,MINT Commissioning of Smart Communication Rooms at Selected Twenty Governmental Institutions on a Turnkey Basis at 20 sites  (Ref.No ET-MINT-345419-GO-RFB),1.0,0,0
f10fbea0-bb85-4cdf-8dd6-89b99599d85b,HQ,1.0,1,0
f237c23f-72d4-4192-a83f-0448ae79795e,AMU,2.0,0,0
f237c23f-72d4-4192-a83f-0448ae79795e,Boing IP phone,1.0,0,0
f237c23f-72d4-4192-a83f-0448ae79795e,EPSS Networking Infra and Modular Data Center,6.0,0,0
f237c23f-72d4-4192-a83f-0448ae79795e,ERA,2.0,0,0
f237c23f-72d4-4192-a83f-0448ae79795e,ERA and MOTL support,5.0,0,0
f237c23f-72d4-4192-a83f-0448ae79795e,Eagle Hills Ethiopia Real Estate PLC,1.0,0,0
f237c23f-72d4-4192-a83f-0448ae79795e,HQ Office Facility,1.0,0,0
f237c23f-72d4-4192-a83f-0448ae79795e,HQ support,3.0,0,0
f237c23f-72d4-4192-a83f-0448ae79795e,ICT Park TTA,5.0,0,0
f237c23f-72d4-4192-a83f-0448ae79795e,MINT Commissioning of Smart Communication Rooms at Selected Twenty Governmental Institutions on a Turnkey Basis at 20 sites  (Ref.No ET-MINT-345419-GO-RFB),2.0,0,0
f237c23f-72d4-4192-a83f-0448ae79795e,MINT Smart Room Support,2.0,0,0
f237c23f-72d4-4192-a83f-0448ae79795e,MINT Software License (Ref.No.ET-MInT-346845-GO-RFB)2023,1.0,0,0
f237c23f-72d4-4192-a83f-0448ae79795e,MOR HCI Solution,4.0,0,0
f237c23f-72d4-4192-a83f-0448ae79795e,MOTI,1.0,0,0
f237c23f-72d4-4192-a83f-0448ae79795e,MiNT(ECA) - DC,2.0,0,0
f237c23f-72d4-4192-a83f-0448ae79795e,OFAG,1.0,0,0
f237c23f-72d4-4192-a83f-0448ae79795e,VFS Global UK-Visa Center,1.0,0,0
f237c23f-72d4-4192-a83f-0448ae79795e,VFS Saudi Mofa RFQ-893,1.0,0,0
f32de036-c21d-4fcb-a9ee-ec984760eed5,HQ,23.0,2,0
f38a16d4-107b-4e99-ac58-217e66e98885,EPSS Networking Infra and Modular Data Center,1.0,0,0
f38a16d4-107b-4e99-ac58-217e66e98885,OFAG,1.0,0,0
f390bafa-b09e-4ff1-924d-3086346766fe,HQ,1.0,1,0
f50f7cc8-9091-4e1d-b216-e1d5ac2bb6ff,HQ,1.0,1,0
f5147855-6bc9-4872-91eb-78f523f890b2,HQ,2.0,1,0
f522b40d-9ee4-419f-8c87-d5f0952f2b92,MINT Smart Room Support,1.0,0,0
f52c78e9-34da-44f2-8166-4971d2bca2c6,HQ,1.0,0,0
f56e567d-5a5e-4152-9fc8-2488cbba6893,HQ,2.0,1,0
f60ccf18-4b18-480f-b589-776e2aefa1e0,HQ,1.0,1,0
f6da7d80-49fe-45e1-8786-29eb8238a498,HQ,2.0,1,0
f78ac567-e7b2-448f-b86a-8559ba69e2ba,HQ,1.0,1,0
f9f69a42-3051-4733-b2b4-0397017b02bb,HQ,20.0,1,0
fb1d3f13-0339-4eea-8401-cdfbd756ad35,EPSS Networking Infra and Modular Data Center,6.0,0,0
fb1d3f13-0339-4eea-8401-cdfbd756ad35,ERA and MOTL support,1.0,0,0
fb1d3f13-0339-4eea-8401-cdfbd756ad35,ICT Park TTA,2.0,0,0
fb1d3f13-0339-4eea-8401-cdfbd756ad35,MINT Commissioning of Smart Communication Rooms at Selected Twenty Governmental Institutions on a Turnkey Basis at 20 sites  (Ref.No ET-MINT-345419-GO-RFB),3.0,0,0
fb1d3f13-0339-4eea-8401-cdfbd756ad35,MINT Smart Room Support,3.0,0,0
fb1d3f13-0339-4eea-8401-cdfbd756ad35,MInT smart communication room,1.0,0,0
fb1d3f13-0339-4eea-8401-cdfbd756ad35,MiNT(ECA) - DC,1.0,0,0
fb1d3f13-0339-4eea-8401-cdfbd756ad35,OFAG,3.0,0,0
fb1d3f13-0339-4eea-8401-cdfbd756ad35,VFS Saudi Mofa RFQ-893,2.0,0,0
fb3edb68-32d2-450d-beb0-6c35c53e898f,BDU WLAN,1.0,0,0
fb3edb68-32d2-450d-beb0-6c35c53e898f,BDU-DCF,1.0,0,0
fb3edb68-32d2-450d-beb0-6c35c53e898f,EIABC Data Center License Renewal,3.0,0,0
fb3edb68-32d2-450d-beb0-6c35c53e898f,EPSS Networking Infra and Modular Data Center,2.0,0,0
fb3edb68-32d2-450d-beb0-6c35c53e898f,ERA and MOTL support,1.0,0,0
fb3edb68-32d2-450d-beb0-6c35c53e898f,MINT Commissioning of Smart Communication Rooms at Selected Twenty Governmental Institutions on a Turnkey Basis at 20 sites  (Ref.No ET-MINT-345419-GO-RFB),1.0,0,0
fb3edb68-32d2-450d-beb0-6c35c53e898f,MINT Smart Room Support,1.0,0,0
fbd75bd4-4461-4808-a4b6-710ca7a2362f,HQ,8.0,1,0
fceead7d-1125-4108-bfef-ab6229becabf,HQ,23.0,5,0
fd284e86-6c4d-4297-a959-036c9a89a6c3,HQ,32.0,1,0
fda1e0fc-a485-49c3-b51b-985cc039aff2,HQ,1.0,1,1
ff250c81-6abb-46be-9d04-2e17666d387e,HQ,4.0,2,0
ffdf2f15-cb88-4254-b565-4115ee31c855,HQ,180.0,0,0
